{"is_source_file": true, "format": "JavaScript", "description": "This file defines a HealthService class with a method to report the health status of the service, including timestamp and environment details. It exports an instance of the class for use in other parts of the project.", "external_files": ["process"], "external_methods": ["new Date().toISOString()", "process.env.NODE_ENV"], "published": ["exported instance of HealthService"], "classes": [{"name": "HealthService", "description": "A service class providing health check status information."}], "methods": [{"name": "getStatus()", "description": "Returns an object containing the service health status, message, timestamp, and environment variable.", "scope": "HealthService", "scopeKind": "class"}], "calls": ["new Date().toISOString()", "process.env.NODE_ENV"], "search-terms": ["HealthService", "health check", "status endpoint", "service monitor"], "state": 2, "file_id": 6, "knowledge_revision": 19, "git_revision": "9ab12d0877dc5e4a44c942d1c4e62049debca4c1", "ctags": [{"_type": "tag", "name": "HealthService", "path": "/home/kavia/workspace/code-generation/express-delivery-management-system-314154-314167/delivery_backend/src/services/health.js", "pattern": "/^class HealthService {$/", "language": "JavaScript", "kind": "class"}, {"_type": "tag", "name": "exports", "path": "/home/kavia/workspace/code-generation/express-delivery-management-system-314154-314167/delivery_backend/src/services/health.js", "pattern": "/^module.exports = new HealthService();$/", "language": "JavaScript", "kind": "variable", "scope": "module", "scopeKind": "class"}, {"_type": "tag", "name": "getStatus", "path": "/home/kavia/workspace/code-generation/express-delivery-management-system-314154-314167/delivery_backend/src/services/health.js", "pattern": "/^    getStatus() {$/", "language": "JavaScript", "kind": "method", "signature": "()", "scope": "HealthService", "scopeKind": "class"}], "hash": "dcfa21416da8734d1481f1ce9d7ffe4c", "format-version": 4, "code-base-name": "delivery_backend", "filename": "delivery_backend/src/services/health.js", "fields": [{"name": "module.exports = new HealthService();", "scope": "module", "scopeKind": "class", "description": "unavailable"}], "revision_history": [{"19": "9ab12d0877dc5e4a44c942d1c4e62049debca4c1"}]}