{"is_source_file": true, "format": "JavaScript", "description": "This file configures Swagger documentation for an Express API by setting options and generating a Swagger specification object.", "external_files": ["swagger-jsdoc"], "external_methods": ["require('swagger-jsdoc')"], "published": ["swaggerSpec"], "classes": [], "methods": [{"name": "swaggerJSDoc", "description": "Function imported from 'swagger-jsdoc' to generate Swagger specification based on provided options."}], "calls": ["swaggerJSDoc(options)"], "search-terms": ["swagger", "swagger-jsdoc", "swaggerSpec", "api documentation", "Express API"], "state": 2, "file_id": 8, "knowledge_revision": 25, "git_revision": "9ab12d0877dc5e4a44c942d1c4e62049debca4c1", "ctags": [{"_type": "tag", "name": "apis", "path": "/home/kavia/workspace/code-generation/express-delivery-management-system-314154-314167/delivery_backend/swagger.js", "pattern": "/^  apis: ['.\\/src\\/routes\\/*.js'], \\/\\/ Path to the API docs$/", "language": "JavaScript", "kind": "property", "scope": "options", "scopeKind": "class"}, {"_type": "tag", "name": "definition", "path": "/home/kavia/workspace/code-generation/express-delivery-management-system-314154-314167/delivery_backend/swagger.js", "pattern": "/^  definition: {$/", "language": "JavaScript", "kind": "class", "scope": "options", "scopeKind": "class"}, {"_type": "tag", "name": "description", "path": "/home/kavia/workspace/code-generation/express-delivery-management-system-314154-314167/delivery_backend/swagger.js", "pattern": "/^      description: 'A simple Express API documented with Swagger',$/", "language": "JavaScript", "kind": "property", "scope": "options.definition.info", "scopeKind": "class"}, {"_type": "tag", "name": "info", "path": "/home/kavia/workspace/code-generation/express-delivery-management-system-314154-314167/delivery_backend/swagger.js", "pattern": "/^    info: {$/", "language": "JavaScript", "kind": "class", "scope": "options.definition", "scopeKind": "class"}, {"_type": "tag", "name": "openapi", "path": "/home/kavia/workspace/code-generation/express-delivery-management-system-314154-314167/delivery_backend/swagger.js", "pattern": "/^    openapi: '3.0.0',$/", "language": "JavaScript", "kind": "property", "scope": "options.definition", "scopeKind": "class"}, {"_type": "tag", "name": "options", "path": "/home/kavia/workspace/code-generation/express-delivery-management-system-314154-314167/delivery_backend/swagger.js", "pattern": "/^const options = {$/", "language": "JavaScript", "kind": "class"}, {"_type": "tag", "name": "swaggerJSDoc", "path": "/home/kavia/workspace/code-generation/express-delivery-management-system-314154-314167/delivery_backend/swagger.js", "pattern": "/^const swaggerJSDoc = require('swagger-jsdoc');$/", "language": "JavaScript", "kind": "constant"}, {"_type": "tag", "name": "swaggerSpec", "path": "/home/kavia/workspace/code-generation/express-delivery-management-system-314154-314167/delivery_backend/swagger.js", "pattern": "/^const swaggerSpec = swaggerJSDoc(options);$/", "language": "JavaScript", "kind": "constant"}, {"_type": "tag", "name": "title", "path": "/home/kavia/workspace/code-generation/express-delivery-management-system-314154-314167/delivery_backend/swagger.js", "pattern": "/^      title: 'My Express API',$/", "language": "JavaScript", "kind": "property", "scope": "options.definition.info", "scopeKind": "class"}, {"_type": "tag", "name": "version", "path": "/home/kavia/workspace/code-generation/express-delivery-management-system-314154-314167/delivery_backend/swagger.js", "pattern": "/^      version: '1.0.0',$/", "language": "JavaScript", "kind": "property", "scope": "options.definition.info", "scopeKind": "class"}], "hash": "5ce111636df545f8efe5c6c246a819cd", "format-version": 4, "code-base-name": "delivery_backend", "filename": "delivery_backend/swagger.js", "fields": [{"name": "apis: ['.\\/src\\/routes\\/*.js'], \\/\\/ Path to the API docs", "scope": "options", "scopeKind": "class", "description": "unavailable"}, {"name": "description: 'A simple Express API documented with Swagger',", "scope": "options.definition.info", "scopeKind": "class", "description": "unavailable"}, {"name": "openapi: '3.0.0',", "scope": "options.definition", "scopeKind": "class", "description": "unavailable"}, {"name": "title: 'My Express API',", "scope": "options.definition.info", "scopeKind": "class", "description": "unavailable"}, {"name": "version: '1.0.0',", "scope": "options.definition.info", "scopeKind": "class", "description": "unavailable"}], "revision_history": [{"25": "9ab12d0877dc5e4a44c942d1c4e62049debca4c1"}]}