{"is_source_file": true, "format": "JavaScript", "description": "A module exporting middleware setup as the application develops. Currently, it does not define specific middleware functions but serves as a placeholder for future middleware exports.", "external_files": [], "external_methods": [], "published": [], "classes": [], "methods": [], "calls": [], "search-terms": ["middleware", "export", "index.js", "placeholder"], "state": 2, "file_id": 1, "knowledge_revision": 14, "git_revision": "9ab12d0877dc5e4a44c942d1c4e62049debca4c1", "ctags": [], "hash": "e9169fe9b751451d433ec5c4d4734b4a", "format-version": 4, "code-base-name": "delivery_backend", "filename": "delivery_backend/src/middleware/index.js", "revision_history": [{"14": "9ab12d0877dc5e4a44c942d1c4e62049debca4c1"}]}