{"is_source_file": false, "format": null, "description": "", "external_files": [], "external_methods": [], "published": [], "classes": [], "methods": [], "calls": [], "search-terms": [], "state": 2, "file_id": 11, "knowledge_revision": 21, "git_revision": "9ab12d0877dc5e4a44c942d1c4e62049debca4c1", "hash": "68e883b7c082fe5b18ee688ed067dd49", "format-version": 4, "code-base-name": "delivery_backend", "filename": "delivery_backend/nodemon.json", "revision_history": [{"21": "9ab12d0877dc5e4a44c942d1c4e62049debca4c1"}]}