{"is_source_file": true, "format": "JavaScript", "description": "Main server setup file for an Express.js application, configuring middleware, API documentation with Swagger UI, and route mounting.", "external_files": ["./routes", "../swagger"], "external_methods": ["swaggerUi.serve", "swaggerUi.setup"], "published": ["app"], "classes": [], "methods": [{"name": "expression inside app.use('/docs', ...)", "description": "A middleware function that dynamically sets the server URL in Swagger documentation based on the incoming request."}, {"name": "error handling middleware", "description": "Middleware to catch and respond to internal server errors."}], "calls": ["cors()", "express()", "routes", "swaggerUi.serve", "swaggerUi.setup", "req.get", "req.protocol", "req.socket.localPort", "req.secure", "console.error"], "search-terms": ["app.js", "swaggerUi", "express setup", "dynamic Swagger server URL", "error middleware"], "state": 2, "file_id": 3, "knowledge_revision": 17, "git_revision": "9ab12d0877dc5e4a44c942d1c4e62049debca4c1", "ctags": [{"_type": "tag", "name": "app", "path": "/home/kavia/workspace/code-generation/express-delivery-management-system-314154-314167/delivery_backend/src/app.js", "pattern": "/^const app = express();$/", "language": "JavaScript", "kind": "constant"}, {"_type": "tag", "name": "cors", "path": "/home/kavia/workspace/code-generation/express-delivery-management-system-314154-314167/delivery_backend/src/app.js", "pattern": "/^const cors = require('cors');$/", "language": "JavaScript", "kind": "constant"}, {"_type": "tag", "name": "express", "path": "/home/kavia/workspace/code-generation/express-delivery-management-system-314154-314167/delivery_backend/src/app.js", "pattern": "/^const express = require('express');$/", "language": "JavaScript", "kind": "constant"}, {"_type": "tag", "name": "routes", "path": "/home/kavia/workspace/code-generation/express-delivery-management-system-314154-314167/delivery_backend/src/app.js", "pattern": "/^const routes = require('.\\/routes');$/", "language": "JavaScript", "kind": "constant"}, {"_type": "tag", "name": "swaggerSpec", "path": "/home/kavia/workspace/code-generation/express-delivery-management-system-314154-314167/delivery_backend/src/app.js", "pattern": "/^const swaggerSpec = require('..\\/swagger');$/", "language": "JavaScript", "kind": "constant"}, {"_type": "tag", "name": "swaggerUi", "path": "/home/kavia/workspace/code-generation/express-delivery-management-system-314154-314167/delivery_backend/src/app.js", "pattern": "/^const swaggerUi = require('swagger-ui-express');$/", "language": "JavaScript", "kind": "constant"}], "hash": "5df3172f6e958a99d255956f667b1de4", "format-version": 4, "code-base-name": "delivery_backend", "filename": "delivery_backend/src/app.js", "revision_history": [{"17": "9ab12d0877dc5e4a44c942d1c4e62049debca4c1"}]}