{"is_source_file": false, "format": "", "description": "", "external_files": [], "external_methods": [], "published": [], "classes": [], "methods": [], "calls": [], "search-terms": [], "state": 2, "file_id": 9, "knowledge_revision": 26, "git_revision": "ffa9b61fda9544fb33be1125881271260c5ba795", "revision_history": [{"24": "9ab12d0877dc5e4a44c942d1c4e62049debca4c1"}, {"26": "ffa9b61fda9544fb33be1125881271260c5ba795"}], "hash": "5b64e5e1680cac4024f53a72d4c667c1", "format-version": 4, "code-base-name": "delivery_backend", "filename": "delivery_backend/package.json"}