{"is_source_file": true, "format": "JavaScript", "description": "This file generates an OpenAPI specification file ('openapi.json') by serializing an imported Swagger specification object and saves it to the 'interfaces' directory, creating the directory if it does not exist.", "external_files": ["./swagger"], "external_methods": ["require", "path.join", "fs.existsSync", "fs.mkdirSync", "fs.writeFileSync", "JSON.stringify"], "published": [], "classes": [], "methods": [{"name": "require", "description": "Import modules or files needed for the script."}, {"name": "path.join", "description": "Combine directory and filename to create a path."}, {"name": "fs.existsSync", "description": "Check if a directory exists."}, {"name": "fs.mkdirSync", "description": "Create a directory, including parent directories if necessary."}, {"name": "fs.writeFileSync", "description": "Write data to a file synchronously."}, {"name": "JSON.stringify", "description": "Convert JavaScript object into a JSON string, formatted with indentation."}], "calls": ["fs.existsSync", "fs.mkdirSync", "fs.writeFileSync", "JSON.stringify"], "search-terms": ["generate_openapi", "swaggerSpec", "openapi.json", "interfaces directory", "writeOpenApiFile"], "state": 2, "file_id": 7, "knowledge_revision": 20, "git_revision": "9ab12d0877dc5e4a44c942d1c4e62049debca4c1", "ctags": [{"_type": "tag", "name": "fs", "path": "/home/kavia/workspace/code-generation/express-delivery-management-system-314154-314167/delivery_backend/generate_openapi.js", "pattern": "/^const fs = require('fs');$/", "language": "JavaScript", "kind": "constant"}, {"_type": "tag", "name": "outputDir", "path": "/home/kavia/workspace/code-generation/express-delivery-management-system-314154-314167/delivery_backend/generate_openapi.js", "pattern": "/^const outputDir = path.join(__dirname, 'interfaces');$/", "language": "JavaScript", "kind": "constant"}, {"_type": "tag", "name": "outputPath", "path": "/home/kavia/workspace/code-generation/express-delivery-management-system-314154-314167/delivery_backend/generate_openapi.js", "pattern": "/^const outputPath = path.join(outputDir, 'openapi.json');$/", "language": "JavaScript", "kind": "constant"}, {"_type": "tag", "name": "path", "path": "/home/kavia/workspace/code-generation/express-delivery-management-system-314154-314167/delivery_backend/generate_openapi.js", "pattern": "/^const path = require('path');$/", "language": "JavaScript", "kind": "constant"}, {"_type": "tag", "name": "swaggerSpec", "path": "/home/kavia/workspace/code-generation/express-delivery-management-system-314154-314167/delivery_backend/generate_openapi.js", "pattern": "/^const swaggerSpec = require('.\\/swagger');$/", "language": "JavaScript", "kind": "constant"}], "hash": "55a8452439ff8971a692025b12dc20dc", "format-version": 4, "code-base-name": "delivery_backend", "filename": "delivery_backend/generate_openapi.js", "revision_history": [{"20": "9ab12d0877dc5e4a44c942d1c4e62049debca4c1"}]}