{"is_source_file": true, "format": "JavaScript", "description": "This file defines a controller class for health check endpoints, utilizing a health service to retrieve system status and responding with JSON.", "external_files": ["../services/health"], "external_methods": ["healthService.getStatus"], "published": ["new HealthController()"], "classes": [{"name": "HealthController", "description": "Controller handling health check requests, providing an endpoint for system health status."}], "methods": [{"name": "check(req, res)", "description": "Handles incoming health check requests, responds with the system status in JSON format.", "scope": "HealthController", "scopeKind": "class"}], "calls": ["healthService.getStatus", "res.status", "res.json"], "search-terms": ["HealthController", "health check", "system status", "healthService", "health.js"], "state": 2, "file_id": 4, "knowledge_revision": 16, "git_revision": "9ab12d0877dc5e4a44c942d1c4e62049debca4c1", "ctags": [{"_type": "tag", "name": "HealthController", "path": "/home/kavia/workspace/code-generation/express-delivery-management-system-314154-314167/delivery_backend/src/controllers/health.js", "pattern": "/^class HealthController {$/", "language": "JavaScript", "kind": "class"}, {"_type": "tag", "name": "check", "path": "/home/kavia/workspace/code-generation/express-delivery-management-system-314154-314167/delivery_backend/src/controllers/health.js", "pattern": "/^  check(req, res) {$/", "language": "JavaScript", "kind": "method", "signature": "(req, res)", "scope": "HealthController", "scopeKind": "class"}, {"_type": "tag", "name": "exports", "path": "/home/kavia/workspace/code-generation/express-delivery-management-system-314154-314167/delivery_backend/src/controllers/health.js", "pattern": "/^module.exports = new HealthController();$/", "language": "JavaScript", "kind": "variable", "scope": "module", "scopeKind": "class"}, {"_type": "tag", "name": "healthService", "path": "/home/kavia/workspace/code-generation/express-delivery-management-system-314154-314167/delivery_backend/src/controllers/health.js", "pattern": "/^const healthService = require('..\\/services\\/health');$/", "language": "JavaScript", "kind": "constant"}], "hash": "05c26663041fbc83dd60748f0bc705da", "format-version": 4, "code-base-name": "delivery_backend", "filename": "delivery_backend/src/controllers/health.js", "fields": [{"name": "module.exports = new HealthController();", "scope": "module", "scopeKind": "class", "description": "unavailable"}], "revision_history": [{"16": "9ab12d0877dc5e4a44c942d1c4e62049debca4c1"}]}