{"is_source_file": true, "format": "JavaScript", "description": "This file initializes and starts an Express server, setting up listening on specified host and port, and handles graceful shutdown on SIGTERM signal.", "external_files": ["./app"], "external_methods": ["app.listen", "process.on", "server.close", "process.exit"], "published": ["server"], "classes": [], "methods": [{"name": "app.listen", "description": "Starts the Express application to listen for incoming connections on specified host and port."}, {"name": "process.on", "description": "Sets up a listener for process signals, such as SIGTERM, to perform cleanup before shutdown."}, {"name": "server.close", "description": "Stops the server from accepting new connections and waits for existing connections to close."}, {"name": "process.exit", "description": "Terminates the process with a specified exit code."}], "calls": ["app.listen", "console.log", "process.on", "server.close", "process.exit"], "search-terms": ["server", "express", "app.listen", "graceful shutdown", "SIGTERM"], "state": 2, "file_id": 2, "knowledge_revision": 18, "git_revision": "9ab12d0877dc5e4a44c942d1c4e62049debca4c1", "ctags": [{"_type": "tag", "name": "HOST", "path": "/home/kavia/workspace/code-generation/express-delivery-management-system-314154-314167/delivery_backend/src/server.js", "pattern": "/^const HOST = process.env.HOST || '0.0.0.0';$/", "language": "JavaScript", "kind": "constant"}, {"_type": "tag", "name": "PORT", "path": "/home/kavia/workspace/code-generation/express-delivery-management-system-314154-314167/delivery_backend/src/server.js", "pattern": "/^const PORT = process.env.PORT || 3000;$/", "language": "JavaScript", "kind": "constant"}, {"_type": "tag", "name": "app", "path": "/home/kavia/workspace/code-generation/express-delivery-management-system-314154-314167/delivery_backend/src/server.js", "pattern": "/^const app = require('.\\/app');$/", "language": "JavaScript", "kind": "constant"}, {"_type": "tag", "name": "server", "path": "/home/kavia/workspace/code-generation/express-delivery-management-system-314154-314167/delivery_backend/src/server.js", "pattern": "/^const server = app.listen(PORT, HOST, () => {$/", "language": "JavaScript", "kind": "constant"}], "hash": "e5d7d8ed0764ea86a77b8fe15cd2b83e", "format-version": 4, "code-base-name": "delivery_backend", "filename": "delivery_backend/src/server.js", "revision_history": [{"18": "9ab12d0877dc5e4a44c942d1c4e62049debca4c1"}]}