{"is_source_file": true, "format": "JavaScript (Node.js)", "description": "This file defines an Express.js router for handling the root ('/') endpoint, specifically a health check endpoint that responds with the service's health status. It imports the express library and a health controller, sets up a GET route at '/', and exports the router instance.", "external_files": ["../controllers/health"], "external_methods": ["healthController.check"], "published": ["router"], "classes": [], "methods": [{"name": "healthController.check", "description": "Function called to handle GET requests to the '/' route, likely returns the health status of the application."}], "calls": ["express.Router", "healthController.check.bind"], "search-terms": ["index.js", "health endpoint", "express router", "healthController", "GET /"], "state": 2, "file_id": 5, "knowledge_revision": 15, "git_revision": "9ab12d0877dc5e4a44c942d1c4e62049debca4c1", "ctags": [{"_type": "tag", "name": "express", "path": "/home/kavia/workspace/code-generation/express-delivery-management-system-314154-314167/delivery_backend/src/routes/index.js", "pattern": "/^const express = require('express');$/", "language": "JavaScript", "kind": "constant"}, {"_type": "tag", "name": "healthController", "path": "/home/kavia/workspace/code-generation/express-delivery-management-system-314154-314167/delivery_backend/src/routes/index.js", "pattern": "/^const healthController = require('..\\/controllers\\/health');$/", "language": "JavaScript", "kind": "constant"}, {"_type": "tag", "name": "router", "path": "/home/kavia/workspace/code-generation/express-delivery-management-system-314154-314167/delivery_backend/src/routes/index.js", "pattern": "/^const router = express.Router();$/", "language": "JavaScript", "kind": "constant"}], "hash": "65440e156977076adec2544b5e71e9b6", "format-version": 4, "code-base-name": "delivery_backend", "filename": "delivery_backend/src/routes/index.js", "revision_history": [{"15": "9ab12d0877dc5e4a44c942d1c4e62049debca4c1"}]}