{"is_source_file": false, "format": "", "description": "", "external_files": [], "external_methods": [], "published": [], "classes": [], "methods": [], "calls": [], "search-terms": [], "state": 2, "file_id": 9, "knowledge_revision": 24, "git_revision": "9ab12d0877dc5e4a44c942d1c4e62049debca4c1", "hash": "9483450ea96c056ca5d32e968e351567", "format-version": 4, "code-base-name": "delivery_backend", "filename": "delivery_backend/package.json", "revision_history": [{"24": "9ab12d0877dc5e4a44c942d1c4e62049debca4c1"}]}